{
  "aggregate_score": 0.7607793807983398,
  "ptm": 0.8170379996299744,
  "iptm": 0.7467146515846252,
  "per_chain_ptm": [
    [
      0.775679886341095,
      0.780888557434082
    ]
  ],
  "per_chain_pair_iptm": [
    [
      [
        0.775679886341095,
        0.7467146515846252
      ],
      [
        0.7407777905464172,
        0.780888557434082
      ]
    ]
  ],
  "has_inter_chain_clashes": false,
  "chain_chain_clashes": [
    [
      [
        0,
        1
      ],
      [
        1,
        1
      ]
    ]
  ]
}