{
  "aggregate_score": 0.7620946168899536,
  "ptm": 0.8162365555763245,
  "iptm": 0.7485590577125549,
  "per_chain_ptm": [
    [
      0.7741062641143799,
      0.7800698280334473
    ]
  ],
  "per_chain_pair_iptm": [
    [
      [
        0.7741062641143799,
        0.7485590577125549
      ],
      [
        0.7404679656028748,
        0.7800698280334473
      ]
    ]
  ],
  "has_inter_chain_clashes": false,
  "chain_chain_clashes": [
    [
      [
        0,
        1
      ],
      [
        1,
        0
      ]
    ]
  ]
}