{
  "aggregate_score": 0.7626723051071167,
  "ptm": 0.815599262714386,
  "iptm": 0.7494405508041382,
  "per_chain_ptm": [
    [
      0.7726675271987915,
      0.7815042734146118
    ]
  ],
  "per_chain_pair_iptm": [
    [
      [
        0.7726675271987915,
        0.7494405508041382
      ],
      [
        0.7377055287361145,
        0.7815042734146118
      ]
    ]
  ],
  "has_inter_chain_clashes": false,
  "chain_chain_clashes": [
    [
      [
        0,
        0
      ],
      [
        0,
        0
      ]
    ]
  ]
}