{
  "aggregate_score": 0.7616481781005859,
  "ptm": 0.8162538409233093,
  "iptm": 0.7479968070983887,
  "per_chain_ptm": [
    [
      0.7733403444290161,
      0.7815356850624084
    ]
  ],
  "per_chain_pair_iptm": [
    [
      [
        0.7733403444290161,
        0.7479968070983887
      ],
      [
        0.7391571998596191,
        0.7815356850624084
      ]
    ]
  ],
  "has_inter_chain_clashes": false,
  "chain_chain_clashes": [
    [
      [
        0,
        0
      ],
      [
        0,
        1
      ]
    ]
  ]
}