{
  "aggregate_score": 0.7552628517150879,
  "ptm": 0.8139874935150146,
  "iptm": 0.7405816912651062,
  "per_chain_ptm": [
    [
      0.7710313200950623,
      0.7771868705749512
    ]
  ],
  "per_chain_pair_iptm": [
    [
      [
        0.7710313200950623,
        0.7405816912651062
      ],
      [
        0.738398015499115,
        0.7771868705749512
      ]
    ]
  ],
  "has_inter_chain_clashes": false,
  "chain_chain_clashes": [
    [
      [
        0,
        0
      ],
      [
        0,
        0
      ]
    ]
  ]
}